judge,judge_label,solution_id,pool,a_scalar,a_affine,b_affine,n_train
baseline_gpt5,Baseline GPT-5-mini,1f5d32cf-d514-490b-b4f8-ec0503dc2476,human,-16.329545,-10.429555,0.917008,44
baseline_gpt5,Baseline GPT-5-mini,27f1716e-12a3-4885-a748-702378ef0f14,human,-16.875000,-13.150031,0.948142,44
baseline_gpt5,Baseline GPT-5-mini,21e9a40a-1aaf-4f3b-829c-7de5b1e95d78,human,-16.272727,-10.931199,0.925281,44
baseline_gpt5,Baseline GPT-5-mini,39ea3926-cfbe-463e-bb8f-768b58e94a4d,human,-16.068182,-11.113582,0.930539,44
baseline_gpt5,Baseline GPT-5-mini,598b52c2-d1a8-4285-bd50-5d9956e9c072,human,-15.681818,-9.143715,0.908920,44
baseline_gpt5,Baseline GPT-5-mini,afb1cd6d-de66-48d4-b7f3-5e05ef001fa1,human,-16.409091,-10.075516,0.910880,44
baseline_gpt5,Baseline GPT-5-mini,1d0c7550-0608-4557-afc6-d9d0811cc70e,human,-16.556818,-11.143144,0.924320,44
baseline_gpt5,Baseline GPT-5-mini,d2adae25-1d36-44c1-906f-1c098afd2875,human,-16.977273,-11.917762,0.929339,44
baseline_gpt5,Baseline GPT-5-mini,1187cc8b-e142-4ea1-8ade-4e44448da827,human,-15.943182,-7.870440,0.888354,44
baseline_gpt5,Baseline GPT-5-mini,d76c0ede-6349-4d54-a168-1184e968b32a,human,-16.329545,-11.064160,0.926487,44
baseline_gpt5,Baseline GPT-5-mini,08c82c5c-803d-4318-934d-8533250d82a3,human,-16.420455,-11.552880,0.932256,44
baseline_gpt5,Baseline GPT-5-mini,7062cc8d-f713-4548-b4ed-6fdc14de84f6,human,-16.329545,-10.839465,0.924711,44
baseline_gpt5,Baseline GPT-5-mini,7667a163-9d3b-4d72-9766-fafdf4751ecb,human,-16.306818,-10.561608,0.919224,44
baseline_gpt5,Baseline GPT-5-mini,ae6f5d66-3b4b-4344-acd4-e095a58815e8,human,-16.079545,-9.900104,0.914188,44
baseline_gpt5,Baseline GPT-5-mini,005e23f5-33a8-4c7b-8ed6-b884a1cd0a84,human,-15.488636,-12.515695,0.958268,44
baseline_gpt5,Baseline GPT-5-mini,10d5bec9-ac08-492a-9b08-0b0331ea31fa,human,-16.681818,-13.371878,0.954065,44
baseline_gpt5,Baseline GPT-5-mini,9d55127b-8e34-4a59-a649-5c6e5b29931a,human,-16.170455,-11.019968,0.927609,44
baseline_gpt5,Baseline GPT-5-mini,65df610e-2d47-488f-94ab-9b529e36e777,human,-16.715909,-14.180372,0.964878,44
baseline_gpt5,Baseline GPT-5-mini,2fa57855-7902-4257-874f-3853edfa04e0,human,-16.193182,-10.926347,0.925867,44
baseline_gpt5,Baseline GPT-5-mini,16573f16-ca86-43d6-a192-6f3d386d3071,human,-16.454545,-10.435580,0.915537,44
baseline_gpt5,Baseline GPT-5-mini,4f657002-adc8-4772-9ffb-0947fa54ddc2,human,-16.147727,-10.967086,0.927440,44
baseline_gpt5,Baseline GPT-5-mini,4241abf8-a838-4f69-a7db-da80de906e50,human,-17.011364,-16.570108,0.993890,44
baseline_gpt5,Baseline GPT-5-mini,d159d82d-2254-4249-9bd2-17f8f54fa0cd,human,-16.943182,-10.456763,0.909151,44
baseline_gpt5,Baseline GPT-5-mini,c10794d6-1703-46e3-a2cd-b4aff6654f6e,human,-16.465909,-11.809508,0.935236,44
baseline_gpt5,Baseline GPT-5-mini,9671ade3-05b4-485c-b9fd-f7704c3827d2,human,-16.068182,-11.314653,0.933209,44
baseline_gpt5,Baseline GPT-5-mini,6c3ec7a0-705f-4ce1-aaf2-3ad1be9dee36,human,-16.375000,-10.873332,0.922980,44
baseline_gpt5,Baseline GPT-5-mini,814a45e4-dda9-4590-b3db-e9fb05650243,human,-16.534091,-11.869781,0.935044,44
baseline_gpt5,Baseline GPT-5-mini,4d02aeef-e084-4c12-b2a1-51b60ba64683,human,-16.602273,-9.762622,0.903898,44
baseline_gpt5,Baseline GPT-5-mini,34307098-3fb7-4098-b57b-5afd35397be2,human,-15.750000,-7.109775,0.880280,44
baseline_gpt5,Baseline GPT-5-mini,b18e10d9-3033-4f42-a93c-a4d60b92bf98,human,-16.363636,-10.255974,0.914059,44
baseline_gpt5,Baseline GPT-5-mini,44c31c28-a304-4b41-ad0a-02771b79aca6,llm,-16.613636,-11.346968,0.926422,44
baseline_gpt5,Baseline GPT-5-mini,a812d855-e9d8-429f-9f51-b880c1cfdae0,llm,-15.852273,-10.703413,0.928011,44
baseline_gpt5,Baseline GPT-5-mini,c51f6f54-6e76-4a8b-bf74-fd2d2fc6511d,llm,-15.681818,-7.499815,0.886433,44
baseline_gpt5,Baseline GPT-5-mini,6d59ea1d-f9e2-4744-9516-b41476b38c7c,llm,-16.159091,-10.926010,0.926763,44
baseline_gpt5,Baseline GPT-5-mini,e0c02b87-601b-4240-9044-0593c27c0492,llm,-15.988636,-11.500421,0.936957,44
baseline_gpt5,Baseline GPT-5-mini,870ee789-f294-4dd2-9b94-02d8786d60b6,llm,-15.761364,-11.515686,0.940478,44
baseline_gpt5,Baseline GPT-5-mini,75ff058f-63a4-4be1-944a-67dc887974b1,llm,-15.681818,-11.325226,0.938972,44
baseline_gpt5,Baseline GPT-5-mini,7b61a138-45d7-4050-8c80-3f1c217b26db,llm,-16.056818,-11.145100,0.931130,44
baseline_gpt5,Baseline GPT-5-mini,47bd0b94-d720-4cf5-b9c6-4b0d10dec92d,llm,-15.681818,-10.907986,0.933201,44
baseline_gpt5,Baseline GPT-5-mini,b1d78e9c-ac68-410f-9f16-972bab083f2a,llm,-16.488636,-10.334457,0.913626,44
baseline_gpt5,Baseline GPT-5-mini,48e4122b-a225-4229-a043-a11031ce3cea,llm,-16.147727,-10.918456,0.926828,44
baseline_gpt5,Baseline GPT-5-mini,646e30aa-0f62-4624-9b5d-b4834b432cdc,llm,-15.102273,-8.374371,0.906157,44
baseline_gpt5,Baseline GPT-5-mini,dee799c9-9a82-4c0c-8ae3-0116fcd50b28,llm,-16.386364,-10.655676,0.919633,44
baseline_gpt5,Baseline GPT-5-mini,de7c14ff-d707-4ae1-9d8e-8419eb36a1fa,llm,-16.147727,-10.153755,0.916842,44
baseline_gpt5,Baseline GPT-5-mini,b1261191-e771-4281-be24-f0b0a87b1aec,llm,-16.204545,-10.918390,0.925725,44
cfgB_gpt5,Config B GPT-5-mini,1f5d32cf-d514-490b-b4f8-ec0503dc2476,human,-18.534091,-6.339389,0.833623,44
cfgB_gpt5,Config B GPT-5-mini,27f1716e-12a3-4885-a748-702378ef0f14,human,-19.193182,-10.703756,0.885507,44
cfgB_gpt5,Config B GPT-5-mini,21e9a40a-1aaf-4f3b-829c-7de5b1e95d78,human,-18.386364,-6.998174,0.845274,44
cfgB_gpt5,Config B GPT-5-mini,39ea3926-cfbe-463e-bb8f-768b58e94a4d,human,-18.443182,-7.034375,0.845209,44
cfgB_gpt5,Config B GPT-5-mini,598b52c2-d1a8-4285-bd50-5d9956e9c072,human,-17.602273,-6.425129,0.848352,44
cfgB_gpt5,Config B GPT-5-mini,afb1cd6d-de66-48d4-b7f3-5e05ef001fa1,human,-18.647727,-6.009491,0.827598,44
cfgB_gpt5,Config B GPT-5-mini,1d0c7550-0608-4557-afc6-d9d0811cc70e,human,-18.772727,-7.429084,0.846188,44
cfgB_gpt5,Config B GPT-5-mini,d2adae25-1d36-44c1-906f-1c098afd2875,human,-19.125000,-7.837574,0.846950,44
cfgB_gpt5,Config B GPT-5-mini,1187cc8b-e142-4ea1-8ade-4e44448da827,human,-18.352273,-4.624716,0.816270,44
cfgB_gpt5,Config B GPT-5-mini,d76c0ede-6349-4d54-a168-1184e968b32a,human,-18.613636,-7.502049,0.849659,44
cfgB_gpt5,Config B GPT-5-mini,7062cc8d-f713-4548-b4ed-6fdc14de84f6,human,-18.590909,-6.324726,0.836846,44
cfgB_gpt5,Config B GPT-5-mini,08c82c5c-803d-4318-934d-8533250d82a3,human,-18.590909,-7.556994,0.850939,44
cfgB_gpt5,Config B GPT-5-mini,ae6f5d66-3b4b-4344-acd4-e095a58815e8,human,-18.068182,-5.662206,0.832352,44
cfgB_gpt5,Config B GPT-5-mini,7667a163-9d3b-4d72-9766-fafdf4751ecb,human,-18.386364,-6.712748,0.840534,44
cfgB_gpt5,Config B GPT-5-mini,005e23f5-33a8-4c7b-8ed6-b884a1cd0a84,human,-17.693182,-8.189465,0.870598,44
cfgB_gpt5,Config B GPT-5-mini,10d5bec9-ac08-492a-9b08-0b0331ea31fa,human,-18.750000,-8.402421,0.860404,44
cfgB_gpt5,Config B GPT-5-mini,9d55127b-8e34-4a59-a649-5c6e5b29931a,human,-18.193182,-7.548065,0.854516,44
cfgB_gpt5,Config B GPT-5-mini,65df610e-2d47-488f-94ab-9b529e36e777,human,-18.931818,-10.392631,0.885240,44
cfgB_gpt5,Config B GPT-5-mini,2fa57855-7902-4257-874f-3853edfa04e0,human,-18.386364,-6.757387,0.841218,44
cfgB_gpt5,Config B GPT-5-mini,16573f16-ca86-43d6-a192-6f3d386d3071,human,-18.534091,-6.452052,0.835262,44
cfgB_gpt5,Config B GPT-5-mini,4241abf8-a838-4f69-a7db-da80de906e50,human,-19.068182,-10.745555,0.887945,44
cfgB_gpt5,Config B GPT-5-mini,4f657002-adc8-4772-9ffb-0947fa54ddc2,human,-18.352273,-7.006871,0.845855,44
cfgB_gpt5,Config B GPT-5-mini,d159d82d-2254-4249-9bd2-17f8f54fa0cd,human,-18.886364,-5.461219,0.816949,44
cfgB_gpt5,Config B GPT-5-mini,c10794d6-1703-46e3-a2cd-b4aff6654f6e,human,-18.704545,-8.201971,0.858334,44
cfgB_gpt5,Config B GPT-5-mini,9671ade3-05b4-485c-b9fd-f7704c3827d2,human,-18.261364,-7.210462,0.849368,44
cfgB_gpt5,Config B GPT-5-mini,6c3ec7a0-705f-4ce1-aaf2-3ad1be9dee36,human,-18.625000,-7.117989,0.843828,44
cfgB_gpt5,Config B GPT-5-mini,4d02aeef-e084-4c12-b2a1-51b60ba64683,human,-18.852273,-5.988210,0.824789,44
cfgB_gpt5,Config B GPT-5-mini,814a45e4-dda9-4590-b3db-e9fb05650243,human,-18.943182,-9.715043,0.875658,44
cfgB_gpt5,Config B GPT-5-mini,b18e10d9-3033-4f42-a93c-a4d60b92bf98,human,-18.534091,-6.187451,0.831419,44
cfgB_gpt5,Config B GPT-5-mini,34307098-3fb7-4098-b57b-5afd35397be2,human,-17.681818,-3.423624,0.807588,44
cfgB_gpt5,Config B GPT-5-mini,44c31c28-a304-4b41-ad0a-02771b79aca6,llm,-18.670455,-7.020374,0.841789,44
cfgB_gpt5,Config B GPT-5-mini,a812d855-e9d8-429f-9f51-b880c1cfdae0,llm,-18.045455,-6.706688,0.846183,44
cfgB_gpt5,Config B GPT-5-mini,c51f6f54-6e76-4a8b-bf74-fd2d2fc6511d,llm,-17.931818,-3.306375,0.803145,44
cfgB_gpt5,Config B GPT-5-mini,6d59ea1d-f9e2-4744-9516-b41476b38c7c,llm,-18.238636,-7.118925,0.848782,44
cfgB_gpt5,Config B GPT-5-mini,e0c02b87-601b-4240-9044-0593c27c0492,llm,-18.215909,-7.274104,0.850971,44
cfgB_gpt5,Config B GPT-5-mini,870ee789-f294-4dd2-9b94-02d8786d60b6,llm,-17.886364,-7.793034,0.862591,44
cfgB_gpt5,Config B GPT-5-mini,75ff058f-63a4-4be1-944a-67dc887974b1,llm,-17.886364,-7.178963,0.854501,44
cfgB_gpt5,Config B GPT-5-mini,7b61a138-45d7-4050-8c80-3f1c217b26db,llm,-18.204545,-7.242509,0.850787,44
cfgB_gpt5,Config B GPT-5-mini,47bd0b94-d720-4cf5-b9c6-4b0d10dec92d,llm,-17.806818,-7.207942,0.855976,44
cfgB_gpt5,Config B GPT-5-mini,b1d78e9c-ac68-410f-9f16-972bab083f2a,llm,-18.693182,-6.432992,0.833091,44
cfgB_gpt5,Config B GPT-5-mini,48e4122b-a225-4229-a043-a11031ce3cea,llm,-18.363636,-6.985465,0.845577,44
cfgB_gpt5,Config B GPT-5-mini,646e30aa-0f62-4624-9b5d-b4834b432cdc,llm,-17.181818,-5.313584,0.839124,44
cfgB_gpt5,Config B GPT-5-mini,dee799c9-9a82-4c0c-8ae3-0116fcd50b28,llm,-18.568182,-6.721155,0.838791,44
cfgB_gpt5,Config B GPT-5-mini,de7c14ff-d707-4ae1-9d8e-8419eb36a1fa,llm,-18.045455,-5.681450,0.832868,44
cfgB_gpt5,Config B GPT-5-mini,b1261191-e771-4281-be24-f0b0a87b1aec,llm,-18.556818,-6.806337,0.840179,44
cfgB_opus,Config B Opus-4.7,1f5d32cf-d514-490b-b4f8-ec0503dc2476,human,0.238095,5.988004,0.895952,42
cfgB_opus,Config B Opus-4.7,27f1716e-12a3-4885-a748-702378ef0f14,human,-0.273810,5.247983,0.901355,42
cfgB_opus,Config B Opus-4.7,21e9a40a-1aaf-4f3b-829c-7de5b1e95d78,human,0.464286,5.715804,0.905398,42
cfgB_opus,Config B Opus-4.7,39ea3926-cfbe-463e-bb8f-768b58e94a4d,human,0.047619,5.724920,0.898577,42
cfgB_opus,Config B Opus-4.7,598b52c2-d1a8-4285-bd50-5d9956e9c072,human,0.666667,7.390644,0.880437,42
cfgB_opus,Config B Opus-4.7,afb1cd6d-de66-48d4-b7f3-5e05ef001fa1,human,0.333333,5.753471,0.901559,42
cfgB_opus,Config B Opus-4.7,d2adae25-1d36-44c1-906f-1c098afd2875,human,-0.523810,5.222151,0.897175,42
cfgB_opus,Config B Opus-4.7,1187cc8b-e142-4ea1-8ade-4e44448da827,human,0.500000,8.033975,0.867075,42
cfgB_opus,Config B Opus-4.7,d76c0ede-6349-4d54-a168-1184e968b32a,human,-0.083333,5.331216,0.903558,42
cfgB_opus,Config B Opus-4.7,08c82c5c-803d-4318-934d-8533250d82a3,human,-0.035714,5.365419,0.903960,42
cfgB_opus,Config B Opus-4.7,7062cc8d-f713-4548-b4ed-6fdc14de84f6,human,0.214286,7.363498,0.875019,42
cfgB_opus,Config B Opus-4.7,ae6f5d66-3b4b-4344-acd4-e095a58815e8,human,0.119048,5.911518,0.897672,42
cfgB_opus,Config B Opus-4.7,7667a163-9d3b-4d72-9766-fafdf4751ecb,human,0.297619,5.849342,0.899538,42
cfgB_opus,Config B Opus-4.7,005e23f5-33a8-4c7b-8ed6-b884a1cd0a84,human,0.678571,6.345356,0.898549,42
cfgB_opus,Config B Opus-4.7,10d5bec9-ac08-492a-9b08-0b0331ea31fa,human,-0.166667,4.882486,0.910332,42
cfgB_opus,Config B Opus-4.7,9d55127b-8e34-4a59-a649-5c6e5b29931a,human,0.619048,4.828080,0.923621,42
cfgB_opus,Config B Opus-4.7,65df610e-2d47-488f-94ab-9b529e36e777,human,-0.250000,4.252976,0.920301,42
cfgB_opus,Config B Opus-4.7,2fa57855-7902-4257-874f-3853edfa04e0,human,0.511905,5.149155,0.915814,42
cfgB_opus,Config B Opus-4.7,16573f16-ca86-43d6-a192-6f3d386d3071,human,0.047619,6.126093,0.890478,42
cfgB_opus,Config B Opus-4.7,4241abf8-a838-4f69-a7db-da80de906e50,human,-0.523810,3.097133,0.935899,42
cfgB_opus,Config B Opus-4.7,4f657002-adc8-4772-9ffb-0947fa54ddc2,human,0.285714,5.946299,0.898421,42
cfgB_opus,Config B Opus-4.7,d159d82d-2254-4249-9bd2-17f8f54fa0cd,human,-0.404762,6.296106,0.879445,42
cfgB_opus,Config B Opus-4.7,c10794d6-1703-46e3-a2cd-b4aff6654f6e,human,0.071429,5.701135,0.899704,42
cfgB_opus,Config B Opus-4.7,9671ade3-05b4-485c-b9fd-f7704c3827d2,human,0.738095,4.472035,0.932257,42
cfgB_opus,Config B Opus-4.7,6c3ec7a0-705f-4ce1-aaf2-3ad1be9dee36,human,0.083333,5.910229,0.895437,42
cfgB_opus,Config B Opus-4.7,4d02aeef-e084-4c12-b2a1-51b60ba64683,human,-0.333333,6.112365,0.884135,42
cfgB_opus,Config B Opus-4.7,814a45e4-dda9-4590-b3db-e9fb05650243,human,-0.130952,5.185901,0.905338,42
cfgB_opus,Config B Opus-4.7,b18e10d9-3033-4f42-a93c-a4d60b92bf98,human,0.083333,6.235713,0.888860,42
cfgB_opus,Config B Opus-4.7,44c31c28-a304-4b41-ad0a-02771b79aca6,llm,-0.023810,5.876646,0.894140,42
cfgB_opus,Config B Opus-4.7,a812d855-e9d8-429f-9f51-b880c1cfdae0,llm,0.511905,6.348476,0.895665,42
cfgB_opus,Config B Opus-4.7,c51f6f54-6e76-4a8b-bf74-fd2d2fc6511d,llm,0.297619,7.317223,0.876591,42
cfgB_opus,Config B Opus-4.7,6d59ea1d-f9e2-4744-9516-b41476b38c7c,llm,0.154762,5.888260,0.897442,42
cfgB_opus,Config B Opus-4.7,e0c02b87-601b-4240-9044-0593c27c0492,llm,0.202381,5.930646,0.897273,42
cfgB_opus,Config B Opus-4.7,870ee789-f294-4dd2-9b94-02d8786d60b6,llm,0.523810,6.149356,0.899222,42
cfgB_opus,Config B Opus-4.7,75ff058f-63a4-4be1-944a-67dc887974b1,llm,0.678571,6.223642,0.900643,42
cfgB_opus,Config B Opus-4.7,7b61a138-45d7-4050-8c80-3f1c217b26db,llm,0.309524,5.944447,0.898860,42
cfgB_opus,Config B Opus-4.7,47bd0b94-d720-4cf5-b9c6-4b0d10dec92d,llm,0.261905,6.287282,0.892995,42
cfgB_opus,Config B Opus-4.7,b1d78e9c-ac68-410f-9f16-972bab083f2a,llm,0.214286,6.031727,0.894775,42
cfgB_opus,Config B Opus-4.7,48e4122b-a225-4229-a043-a11031ce3cea,llm,0.416667,5.907241,0.901367,42
cfgB_opus,Config B Opus-4.7,646e30aa-0f62-4624-9b5d-b4834b432cdc,llm,0.845238,9.381585,0.849105,42
cfgB_opus,Config B Opus-4.7,dee799c9-9a82-4c0c-8ae3-0116fcd50b28,llm,0.273810,5.892339,0.898569,42
cfgB_opus,Config B Opus-4.7,de7c14ff-d707-4ae1-9d8e-8419eb36a1fa,llm,0.440476,6.827023,0.886533,42
cfgB_opus,Config B Opus-4.7,b1261191-e771-4281-be24-f0b0a87b1aec,llm,0.119048,5.988648,0.894423,42
cfgB_gemini,Config B Gemini-3.1-Pro,1f5d32cf-d514-490b-b4f8-ec0503dc2476,human,-11.613636,3.033288,0.779331,44
cfgB_gemini,Config B Gemini-3.1-Pro,27f1716e-12a3-4885-a748-702378ef0f14,human,-11.715909,2.858351,0.781399,44
cfgB_gemini,Config B Gemini-3.1-Pro,21e9a40a-1aaf-4f3b-829c-7de5b1e95d78,human,-11.250000,2.437389,0.794069,44
cfgB_gemini,Config B Gemini-3.1-Pro,39ea3926-cfbe-463e-bb8f-768b58e94a4d,human,-11.852273,2.421307,0.787322,44
cfgB_gemini,Config B Gemini-3.1-Pro,598b52c2-d1a8-4285-bd50-5d9956e9c072,human,-11.568182,3.753816,0.773579,44
cfgB_gemini,Config B Gemini-3.1-Pro,afb1cd6d-de66-48d4-b7f3-5e05ef001fa1,human,-11.613636,3.154540,0.777161,44
cfgB_gemini,Config B Gemini-3.1-Pro,d2adae25-1d36-44c1-906f-1c098afd2875,human,-12.113636,2.811117,0.776370,44
cfgB_gemini,Config B Gemini-3.1-Pro,1d0c7550-0608-4557-afc6-d9d0811cc70e,human,-12.465909,0.151013,0.812925,44
cfgB_gemini,Config B Gemini-3.1-Pro,1187cc8b-e142-4ea1-8ade-4e44448da827,human,-11.590909,4.345881,0.765479,44
cfgB_gemini,Config B Gemini-3.1-Pro,d76c0ede-6349-4d54-a168-1184e968b32a,human,-11.988636,1.973879,0.792484,44
cfgB_gemini,Config B Gemini-3.1-Pro,08c82c5c-803d-4318-934d-8533250d82a3,human,-11.840909,2.376923,0.788654,44
cfgB_gemini,Config B Gemini-3.1-Pro,7062cc8d-f713-4548-b4ed-6fdc14de84f6,human,-11.875000,3.456122,0.776077,44
cfgB_gemini,Config B Gemini-3.1-Pro,ae6f5d66-3b4b-4344-acd4-e095a58815e8,human,-11.784091,2.763934,0.785161,44
cfgB_gemini,Config B Gemini-3.1-Pro,7667a163-9d3b-4d72-9766-fafdf4751ecb,human,-11.397727,2.644719,0.787929,44
cfgB_gemini,Config B Gemini-3.1-Pro,005e23f5-33a8-4c7b-8ed6-b884a1cd0a84,human,-11.125000,3.107667,0.787175,44
cfgB_gemini,Config B Gemini-3.1-Pro,10d5bec9-ac08-492a-9b08-0b0331ea31fa,human,-12.125000,1.281807,0.801381,44
cfgB_gemini,Config B Gemini-3.1-Pro,65df610e-2d47-488f-94ab-9b529e36e777,human,-12.034091,1.622472,0.797715,44
cfgB_gemini,Config B Gemini-3.1-Pro,9d55127b-8e34-4a59-a649-5c6e5b29931a,human,-11.556818,2.834698,0.783697,44
cfgB_gemini,Config B Gemini-3.1-Pro,2fa57855-7902-4257-874f-3853edfa04e0,human,-11.340909,2.489617,0.791058,44
cfgB_gemini,Config B Gemini-3.1-Pro,16573f16-ca86-43d6-a192-6f3d386d3071,human,-11.704545,3.016807,0.778664,44
cfgB_gemini,Config B Gemini-3.1-Pro,4241abf8-a838-4f69-a7db-da80de906e50,human,-12.170455,1.313825,0.799862,44
cfgB_gemini,Config B Gemini-3.1-Pro,4f657002-adc8-4772-9ffb-0947fa54ddc2,human,-11.352273,2.668228,0.789489,44
cfgB_gemini,Config B Gemini-3.1-Pro,d159d82d-2254-4249-9bd2-17f8f54fa0cd,human,-12.079545,3.384274,0.767581,44
cfgB_gemini,Config B Gemini-3.1-Pro,c10794d6-1703-46e3-a2cd-b4aff6654f6e,human,-12.079545,1.444786,0.799673,44
cfgB_gemini,Config B Gemini-3.1-Pro,9671ade3-05b4-485c-b9fd-f7704c3827d2,human,-11.113636,1.870291,0.803915,44
cfgB_gemini,Config B Gemini-3.1-Pro,6c3ec7a0-705f-4ce1-aaf2-3ad1be9dee36,human,-11.681818,2.801479,0.782985,44
cfgB_gemini,Config B Gemini-3.1-Pro,4d02aeef-e084-4c12-b2a1-51b60ba64683,human,-12.147727,2.878384,0.774775,44
cfgB_gemini,Config B Gemini-3.1-Pro,814a45e4-dda9-4590-b3db-e9fb05650243,human,-12.022727,1.868436,0.793579,44
cfgB_gemini,Config B Gemini-3.1-Pro,b18e10d9-3033-4f42-a93c-a4d60b92bf98,human,-11.715909,3.154884,0.776111,44
cfgB_gemini,Config B Gemini-3.1-Pro,34307098-3fb7-4098-b57b-5afd35397be2,human,-11.272727,5.258600,0.755790,44
cfgB_gemini,Config B Gemini-3.1-Pro,44c31c28-a304-4b41-ad0a-02771b79aca6,llm,-11.590909,2.858087,0.782907,44
cfgB_gemini,Config B Gemini-3.1-Pro,a812d855-e9d8-429f-9f51-b880c1cfdae0,llm,-10.931818,2.371514,0.800257,44
cfgB_gemini,Config B Gemini-3.1-Pro,c51f6f54-6e76-4a8b-bf74-fd2d2fc6511d,llm,-11.454545,4.749744,0.761063,44
cfgB_gemini,Config B Gemini-3.1-Pro,6d59ea1d-f9e2-4744-9516-b41476b38c7c,llm,-11.659091,2.750808,0.784781,44
cfgB_gemini,Config B Gemini-3.1-Pro,e0c02b87-601b-4240-9044-0593c27c0492,llm,-11.443182,2.749285,0.787053,44
cfgB_gemini,Config B Gemini-3.1-Pro,870ee789-f294-4dd2-9b94-02d8786d60b6,llm,-11.000000,2.333403,0.799703,44
cfgB_gemini,Config B Gemini-3.1-Pro,75ff058f-63a4-4be1-944a-67dc887974b1,llm,-11.022727,2.756140,0.793505,44
cfgB_gemini,Config B Gemini-3.1-Pro,7b61a138-45d7-4050-8c80-3f1c217b26db,llm,-11.295455,2.581608,0.791501,44
cfgB_gemini,Config B Gemini-3.1-Pro,47bd0b94-d720-4cf5-b9c6-4b0d10dec92d,llm,-11.602273,3.135959,0.781288,44
cfgB_gemini,Config B Gemini-3.1-Pro,b1d78e9c-ac68-410f-9f16-972bab083f2a,llm,-11.465909,2.823344,0.784239,44
cfgB_gemini,Config B Gemini-3.1-Pro,48e4122b-a225-4229-a043-a11031ce3cea,llm,-11.522727,2.831044,0.785255,44
cfgB_gemini,Config B Gemini-3.1-Pro,646e30aa-0f62-4624-9b5d-b4834b432cdc,llm,-10.943182,6.004401,0.749051,44
cfgB_gemini,Config B Gemini-3.1-Pro,dee799c9-9a82-4c0c-8ae3-0116fcd50b28,llm,-11.477273,2.770568,0.785417,44
cfgB_gemini,Config B Gemini-3.1-Pro,de7c14ff-d707-4ae1-9d8e-8419eb36a1fa,llm,-11.420455,3.651920,0.776216,44
cfgB_gemini,Config B Gemini-3.1-Pro,b1261191-e771-4281-be24-f0b0a87b1aec,llm,-11.477273,2.759534,0.785730,44
deepseek,DeepSeek-V4-Pro,1f5d32cf-d514-490b-b4f8-ec0503dc2476,human,-4.284091,9.591312,0.765005,44
deepseek,DeepSeek-V4-Pro,27f1716e-12a3-4885-a748-702378ef0f14,human,-4.954545,8.353830,0.777857,44
deepseek,DeepSeek-V4-Pro,21e9a40a-1aaf-4f3b-829c-7de5b1e95d78,human,-4.011364,9.188521,0.777132,44
deepseek,DeepSeek-V4-Pro,39ea3926-cfbe-463e-bb8f-768b58e94a4d,human,-4.465909,9.323967,0.769119,44
deepseek,DeepSeek-V4-Pro,afb1cd6d-de66-48d4-b7f3-5e05ef001fa1,human,-4.295455,9.701799,0.762575,44
deepseek,DeepSeek-V4-Pro,598b52c2-d1a8-4285-bd50-5d9956e9c072,human,-3.920455,10.726570,0.755975,44
deepseek,DeepSeek-V4-Pro,d2adae25-1d36-44c1-906f-1c098afd2875,human,-4.965909,9.085460,0.764203,44
deepseek,DeepSeek-V4-Pro,1d0c7550-0608-4557-afc6-d9d0811cc70e,human,-5.090909,7.683341,0.787337,44
deepseek,DeepSeek-V4-Pro,1187cc8b-e142-4ea1-8ade-4e44448da827,human,-4.318182,11.003452,0.747509,44
deepseek,DeepSeek-V4-Pro,d76c0ede-6349-4d54-a168-1184e968b32a,human,-4.386364,9.411368,0.768812,44
deepseek,DeepSeek-V4-Pro,08c82c5c-803d-4318-934d-8533250d82a3,human,-4.727273,8.615935,0.778201,44
deepseek,DeepSeek-V4-Pro,7062cc8d-f713-4548-b4ed-6fdc14de84f6,human,-4.454545,11.192635,0.743680,44
deepseek,DeepSeek-V4-Pro,ae6f5d66-3b4b-4344-acd4-e095a58815e8,human,-4.613636,9.137100,0.772886,44
deepseek,DeepSeek-V4-Pro,7667a163-9d3b-4d72-9766-fafdf4751ecb,human,-4.159091,9.370853,0.770591,44
deepseek,DeepSeek-V4-Pro,10d5bec9-ac08-492a-9b08-0b0331ea31fa,human,-4.784091,8.437316,0.780226,44
deepseek,DeepSeek-V4-Pro,005e23f5-33a8-4c7b-8ed6-b884a1cd0a84,human,-3.806818,9.656791,0.773937,44
deepseek,DeepSeek-V4-Pro,9d55127b-8e34-4a59-a649-5c6e5b29931a,human,-3.954545,8.883711,0.782151,44
deepseek,DeepSeek-V4-Pro,65df610e-2d47-488f-94ab-9b529e36e777,human,-4.818182,8.216729,0.783816,44
deepseek,DeepSeek-V4-Pro,2fa57855-7902-4257-874f-3853edfa04e0,human,-4.102273,9.245509,0.773592,44
deepseek,DeepSeek-V4-Pro,16573f16-ca86-43d6-a192-6f3d386d3071,human,-4.443182,9.625532,0.762553,44
deepseek,DeepSeek-V4-Pro,4241abf8-a838-4f69-a7db-da80de906e50,human,-5.022727,7.559468,0.791088,44
deepseek,DeepSeek-V4-Pro,4f657002-adc8-4772-9ffb-0947fa54ddc2,human,-4.011364,9.218412,0.776755,44
deepseek,DeepSeek-V4-Pro,d159d82d-2254-4249-9bd2-17f8f54fa0cd,human,-4.704545,10.096251,0.749814,44
deepseek,DeepSeek-V4-Pro,c10794d6-1703-46e3-a2cd-b4aff6654f6e,human,-4.477273,9.302096,0.769995,44
deepseek,DeepSeek-V4-Pro,6c3ec7a0-705f-4ce1-aaf2-3ad1be9dee36,human,-4.488636,9.382540,0.767049,44
deepseek,DeepSeek-V4-Pro,9671ade3-05b4-485c-b9fd-f7704c3827d2,human,-3.875000,8.731397,0.786250,44
deepseek,DeepSeek-V4-Pro,4d02aeef-e084-4c12-b2a1-51b60ba64683,human,-4.715909,9.810845,0.754964,44
deepseek,DeepSeek-V4-Pro,814a45e4-dda9-4590-b3db-e9fb05650243,human,-4.886364,8.115801,0.783870,44
deepseek,DeepSeek-V4-Pro,34307098-3fb7-4098-b57b-5afd35397be2,human,-3.761364,11.745598,0.742331,44
deepseek,DeepSeek-V4-Pro,b18e10d9-3033-4f42-a93c-a4d60b92bf98,human,-4.295455,9.655024,0.763551,44
deepseek,DeepSeek-V4-Pro,44c31c28-a304-4b41-ad0a-02771b79aca6,llm,-5.011364,8.089391,0.781571,44
deepseek,DeepSeek-V4-Pro,a812d855-e9d8-429f-9f51-b880c1cfdae0,llm,-4.238636,9.776229,0.766064,44
deepseek,DeepSeek-V4-Pro,c51f6f54-6e76-4a8b-bf74-fd2d2fc6511d,llm,-4.363636,10.860271,0.749307,44
deepseek,DeepSeek-V4-Pro,6d59ea1d-f9e2-4744-9516-b41476b38c7c,llm,-4.159091,9.436707,0.771325,44
deepseek,DeepSeek-V4-Pro,e0c02b87-601b-4240-9044-0593c27c0492,llm,-4.193182,9.414533,0.770905,44
deepseek,DeepSeek-V4-Pro,870ee789-f294-4dd2-9b94-02d8786d60b6,llm,-3.727273,9.034892,0.784770,44
deepseek,DeepSeek-V4-Pro,75ff058f-63a4-4be1-944a-67dc887974b1,llm,-3.840909,9.617295,0.773984,44
deepseek,DeepSeek-V4-Pro,7b61a138-45d7-4050-8c80-3f1c217b26db,llm,-4.443182,9.352930,0.768927,44
deepseek,DeepSeek-V4-Pro,47bd0b94-d720-4cf5-b9c6-4b0d10dec92d,llm,-4.329545,9.806577,0.764843,44
deepseek,DeepSeek-V4-Pro,b1d78e9c-ac68-410f-9f16-972bab083f2a,llm,-4.238636,9.533403,0.766576,44
deepseek,DeepSeek-V4-Pro,48e4122b-a225-4229-a043-a11031ce3cea,llm,-4.090909,9.393551,0.773024,44
deepseek,DeepSeek-V4-Pro,646e30aa-0f62-4624-9b5d-b4834b432cdc,llm,-3.659091,12.400802,0.733446,44
deepseek,DeepSeek-V4-Pro,dee799c9-9a82-4c0c-8ae3-0116fcd50b28,llm,-4.170455,9.362846,0.770975,44
deepseek,DeepSeek-V4-Pro,de7c14ff-d707-4ae1-9d8e-8419eb36a1fa,llm,-4.454545,9.707795,0.765471,44
deepseek,DeepSeek-V4-Pro,b1261191-e771-4281-be24-f0b0a87b1aec,llm,-4.284091,9.471778,0.767833,44
qwen,Qwen3.5-397B-A17B,1f5d32cf-d514-490b-b4f8-ec0503dc2476,human,-12.465909,-2.315084,0.849007,44
qwen,Qwen3.5-397B-A17B,27f1716e-12a3-4885-a748-702378ef0f14,human,-12.977273,-4.229973,0.871234,44
qwen,Qwen3.5-397B-A17B,21e9a40a-1aaf-4f3b-829c-7de5b1e95d78,human,-12.329545,-2.734655,0.857949,44
qwen,Qwen3.5-397B-A17B,39ea3926-cfbe-463e-bb8f-768b58e94a4d,human,-12.556818,-3.022678,0.859416,44
qwen,Qwen3.5-397B-A17B,afb1cd6d-de66-48d4-b7f3-5e05ef001fa1,human,-12.477273,-2.119596,0.845722,44
qwen,Qwen3.5-397B-A17B,598b52c2-d1a8-4285-bd50-5d9956e9c072,human,-11.920455,-1.056476,0.840289,44
qwen,Qwen3.5-397B-A17B,d2adae25-1d36-44c1-906f-1c098afd2875,human,-13.261364,-4.704352,0.873951,44
qwen,Qwen3.5-397B-A17B,1d0c7550-0608-4557-afc6-d9d0811cc70e,human,-13.022727,-4.636942,0.876680,44
qwen,Qwen3.5-397B-A17B,1187cc8b-e142-4ea1-8ade-4e44448da827,human,-12.340909,-1.064208,0.835867,44
qwen,Qwen3.5-397B-A17B,d76c0ede-6349-4d54-a168-1184e968b32a,human,-12.363636,-2.725025,0.857542,44
qwen,Qwen3.5-397B-A17B,08c82c5c-803d-4318-934d-8533250d82a3,human,-12.181818,-2.677960,0.859439,44
qwen,Qwen3.5-397B-A17B,7062cc8d-f713-4548-b4ed-6fdc14de84f6,human,-12.636364,-3.420596,0.866877,44
qwen,Qwen3.5-397B-A17B,ae6f5d66-3b4b-4344-acd4-e095a58815e8,human,-12.204545,-1.742419,0.846453,44
qwen,Qwen3.5-397B-A17B,7667a163-9d3b-4d72-9766-fafdf4751ecb,human,-12.431818,-2.434800,0.851345,44
qwen,Qwen3.5-397B-A17B,10d5bec9-ac08-492a-9b08-0b0331ea31fa,human,-12.647727,-3.481112,0.865242,44
qwen,Qwen3.5-397B-A17B,005e23f5-33a8-4c7b-8ed6-b884a1cd0a84,human,-11.454545,-5.125160,0.905819,44
qwen,Qwen3.5-397B-A17B,9d55127b-8e34-4a59-a649-5c6e5b29931a,human,-12.227273,-2.949673,0.861950,44
qwen,Qwen3.5-397B-A17B,65df610e-2d47-488f-94ab-9b529e36e777,human,-12.590909,-3.327077,0.863904,44
qwen,Qwen3.5-397B-A17B,2fa57855-7902-4257-874f-3853edfa04e0,human,-12.261364,-2.840048,0.859621,44
qwen,Qwen3.5-397B-A17B,16573f16-ca86-43d6-a192-6f3d386d3071,human,-12.488636,-2.371020,0.849654,44
qwen,Qwen3.5-397B-A17B,4f657002-adc8-4772-9ffb-0947fa54ddc2,human,-12.227273,-2.814627,0.860506,44
qwen,Qwen3.5-397B-A17B,4241abf8-a838-4f69-a7db-da80de906e50,human,-13.113636,-6.435115,0.902244,44
qwen,Qwen3.5-397B-A17B,d159d82d-2254-4249-9bd2-17f8f54fa0cd,human,-13.272727,-3.728264,0.859075,44
qwen,Qwen3.5-397B-A17B,c10794d6-1703-46e3-a2cd-b4aff6654f6e,human,-12.977273,-5.975998,0.897656,44
qwen,Qwen3.5-397B-A17B,6c3ec7a0-705f-4ce1-aaf2-3ad1be9dee36,human,-12.579545,-2.824529,0.855773,44
qwen,Qwen3.5-397B-A17B,9671ade3-05b4-485c-b9fd-f7704c3827d2,human,-12.193182,-2.993154,0.863289,44
qwen,Qwen3.5-397B-A17B,4d02aeef-e084-4c12-b2a1-51b60ba64683,human,-12.500000,-1.891147,0.841820,44
qwen,Qwen3.5-397B-A17B,814a45e4-dda9-4590-b3db-e9fb05650243,human,-12.522727,-2.944974,0.858726,44
qwen,Qwen3.5-397B-A17B,b18e10d9-3033-4f42-a93c-a4d60b92bf98,human,-12.409091,-2.316343,0.849617,44
qwen,Qwen3.5-397B-A17B,34307098-3fb7-4098-b57b-5afd35397be2,human,-11.784091,0.435577,0.820838,44
qwen,Qwen3.5-397B-A17B,44c31c28-a304-4b41-ad0a-02771b79aca6,llm,-12.761364,-3.155922,0.858175,44
qwen,Qwen3.5-397B-A17B,a812d855-e9d8-429f-9f51-b880c1cfdae0,llm,-11.965909,-2.549064,0.860772,44
qwen,Qwen3.5-397B-A17B,c51f6f54-6e76-4a8b-bf74-fd2d2fc6511d,llm,-11.886364,0.190031,0.823056,44
qwen,Qwen3.5-397B-A17B,6d59ea1d-f9e2-4744-9516-b41476b38c7c,llm,-12.250000,-2.752363,0.859389,44
qwen,Qwen3.5-397B-A17B,e0c02b87-601b-4240-9044-0593c27c0492,llm,-12.272727,-2.781480,0.859342,44
qwen,Qwen3.5-397B-A17B,870ee789-f294-4dd2-9b94-02d8786d60b6,llm,-12.045455,-2.639604,0.860888,44
qwen,Qwen3.5-397B-A17B,75ff058f-63a4-4be1-944a-67dc887974b1,llm,-11.818182,-2.937536,0.868479,44
qwen,Qwen3.5-397B-A17B,7b61a138-45d7-4050-8c80-3f1c217b26db,llm,-12.329545,-2.725642,0.857911,44
qwen,Qwen3.5-397B-A17B,47bd0b94-d720-4cf5-b9c6-4b0d10dec92d,llm,-12.147727,-2.038276,0.851182,44
qwen,Qwen3.5-397B-A17B,b1d78e9c-ac68-410f-9f16-972bab083f2a,llm,-12.375000,-2.463283,0.852364,44
qwen,Qwen3.5-397B-A17B,48e4122b-a225-4229-a043-a11031ce3cea,llm,-12.386364,-2.738233,0.857497,44
qwen,Qwen3.5-397B-A17B,646e30aa-0f62-4624-9b5d-b4834b432cdc,llm,-11.590909,1.184227,0.812631,44
qwen,Qwen3.5-397B-A17B,dee799c9-9a82-4c0c-8ae3-0116fcd50b28,llm,-12.397727,-2.582540,0.854197,44
qwen,Qwen3.5-397B-A17B,de7c14ff-d707-4ae1-9d8e-8419eb36a1fa,llm,-12.045455,-1.623470,0.846684,44
qwen,Qwen3.5-397B-A17B,b1261191-e771-4281-be24-f0b0a87b1aec,llm,-12.306818,-2.748545,0.857918,44
sonnet,Sonnet-4.6,1f5d32cf-d514-490b-b4f8-ec0503dc2476,human,-3.647727,-2.854967,0.986427,44
sonnet,Sonnet-4.6,27f1716e-12a3-4885-a748-702378ef0f14,human,-4.193182,-3.493086,0.988164,44
sonnet,Sonnet-4.6,21e9a40a-1aaf-4f3b-829c-7de5b1e95d78,human,-3.488636,-2.964605,0.991073,44
sonnet,Sonnet-4.6,39ea3926-cfbe-463e-bb8f-768b58e94a4d,human,-3.715909,-2.673112,0.982319,44
sonnet,Sonnet-4.6,598b52c2-d1a8-4285-bd50-5d9956e9c072,human,-3.136364,-1.311804,0.969200,44
sonnet,Sonnet-4.6,afb1cd6d-de66-48d4-b7f3-5e05ef001fa1,human,-3.772727,-2.425798,0.976949,44
sonnet,Sonnet-4.6,d2adae25-1d36-44c1-906f-1c098afd2875,human,-4.340909,-2.959593,0.976574,44
sonnet,Sonnet-4.6,1d0c7550-0608-4557-afc6-d9d0811cc70e,human,-4.215909,-3.689575,0.991108,44
sonnet,Sonnet-4.6,1187cc8b-e142-4ea1-8ade-4e44448da827,human,-3.545455,-1.290367,0.962358,44
sonnet,Sonnet-4.6,d76c0ede-6349-4d54-a168-1184e968b32a,human,-3.863636,-2.939756,0.984383,44
sonnet,Sonnet-4.6,08c82c5c-803d-4318-934d-8533250d82a3,human,-3.943182,-3.421234,0.991209,44
sonnet,Sonnet-4.6,7062cc8d-f713-4548-b4ed-6fdc14de84f6,human,-3.772727,-3.155715,0.989778,44
sonnet,Sonnet-4.6,ae6f5d66-3b4b-4344-acd4-e095a58815e8,human,-3.784091,-3.033141,0.987425,44
sonnet,Sonnet-4.6,7667a163-9d3b-4d72-9766-fafdf4751ecb,human,-3.545455,-3.269783,0.995277,44
sonnet,Sonnet-4.6,005e23f5-33a8-4c7b-8ed6-b884a1cd0a84,human,-3.306818,-2.230876,0.981781,44
sonnet,Sonnet-4.6,10d5bec9-ac08-492a-9b08-0b0331ea31fa,human,-4.068182,-4.006863,0.998968,44
sonnet,Sonnet-4.6,9d55127b-8e34-4a59-a649-5c6e5b29931a,human,-3.590909,-2.932085,0.988751,44
sonnet,Sonnet-4.6,65df610e-2d47-488f-94ab-9b529e36e777,human,-4.227273,-5.620175,1.023330,44
sonnet,Sonnet-4.6,2fa57855-7902-4257-874f-3853edfa04e0,human,-3.693182,-2.692839,0.982913,44
sonnet,Sonnet-4.6,16573f16-ca86-43d6-a192-6f3d386d3071,human,-3.772727,-2.511998,0.978478,44
sonnet,Sonnet-4.6,4241abf8-a838-4f69-a7db-da80de906e50,human,-4.431818,-6.432107,1.033541,44
sonnet,Sonnet-4.6,4f657002-adc8-4772-9ffb-0947fa54ddc2,human,-3.590909,-2.717122,0.985150,44
sonnet,Sonnet-4.6,d159d82d-2254-4249-9bd2-17f8f54fa0cd,human,-4.227273,-1.874026,0.959898,44
sonnet,Sonnet-4.6,c10794d6-1703-46e3-a2cd-b4aff6654f6e,human,-4.011364,-3.789847,0.996273,44
sonnet,Sonnet-4.6,9671ade3-05b4-485c-b9fd-f7704c3827d2,human,-3.522727,-3.019380,0.991414,44
sonnet,Sonnet-4.6,6c3ec7a0-705f-4ce1-aaf2-3ad1be9dee36,human,-3.761364,-2.639357,0.980924,44
sonnet,Sonnet-4.6,4d02aeef-e084-4c12-b2a1-51b60ba64683,human,-4.090909,-2.018280,0.964667,44
sonnet,Sonnet-4.6,814a45e4-dda9-4590-b3db-e9fb05650243,human,-3.909091,-3.051478,0.985509,44
sonnet,Sonnet-4.6,b18e10d9-3033-4f42-a93c-a4d60b92bf98,human,-3.965909,-2.250576,0.970763,44
sonnet,Sonnet-4.6,34307098-3fb7-4098-b57b-5afd35397be2,human,-2.897727,-0.286938,0.955987,44
sonnet,Sonnet-4.6,44c31c28-a304-4b41-ad0a-02771b79aca6,llm,-3.863636,-2.594249,0.978423,44
sonnet,Sonnet-4.6,a812d855-e9d8-429f-9f51-b880c1cfdae0,llm,-3.488636,-2.267369,0.979356,44
sonnet,Sonnet-4.6,c51f6f54-6e76-4a8b-bf74-fd2d2fc6511d,llm,-3.488636,-0.986764,0.958199,44
sonnet,Sonnet-4.6,6d59ea1d-f9e2-4744-9516-b41476b38c7c,llm,-3.602273,-2.671107,0.984190,44
sonnet,Sonnet-4.6,e0c02b87-601b-4240-9044-0593c27c0492,llm,-3.806818,-2.744241,0.981994,44
sonnet,Sonnet-4.6,870ee789-f294-4dd2-9b94-02d8786d60b6,llm,-3.431818,-2.476670,0.983811,44
sonnet,Sonnet-4.6,75ff058f-63a4-4be1-944a-67dc887974b1,llm,-3.159091,-2.805618,0.993995,44
sonnet,Sonnet-4.6,7b61a138-45d7-4050-8c80-3f1c217b26db,llm,-3.625000,-2.677393,0.983908,44
sonnet,Sonnet-4.6,47bd0b94-d720-4cf5-b9c6-4b0d10dec92d,llm,-3.409091,-2.051314,0.977062,44
sonnet,Sonnet-4.6,b1d78e9c-ac68-410f-9f16-972bab083f2a,llm,-3.875000,-2.353574,0.974053,44
sonnet,Sonnet-4.6,48e4122b-a225-4229-a043-a11031ce3cea,llm,-3.465909,-2.862629,0.989737,44
sonnet,Sonnet-4.6,646e30aa-0f62-4624-9b5d-b4834b432cdc,llm,-2.954545,0.841768,0.936245,44
sonnet,Sonnet-4.6,dee799c9-9a82-4c0c-8ae3-0116fcd50b28,llm,-3.681818,-2.714949,0.983501,44
sonnet,Sonnet-4.6,de7c14ff-d707-4ae1-9d8e-8419eb36a1fa,llm,-3.375000,-1.705150,0.971844,44
sonnet,Sonnet-4.6,b1261191-e771-4281-be24-f0b0a87b1aec,llm,-3.738636,-2.624267,0.981017,44
gpt54mini,GPT-5.4-mini,1f5d32cf-d514-490b-b4f8-ec0503dc2476,human,-0.829545,-8.900327,1.145182,44
gpt54mini,GPT-5.4-mini,27f1716e-12a3-4885-a748-702378ef0f14,human,-1.500000,-11.132319,1.170621,44
gpt54mini,GPT-5.4-mini,21e9a40a-1aaf-4f3b-829c-7de5b1e95d78,human,-0.784091,-8.455835,1.136995,44
gpt54mini,GPT-5.4-mini,39ea3926-cfbe-463e-bb8f-768b58e94a4d,human,-0.738636,-8.495681,1.138519,44
gpt54mini,GPT-5.4-mini,afb1cd6d-de66-48d4-b7f3-5e05ef001fa1,human,-1.090909,-7.696172,1.118480,44
gpt54mini,GPT-5.4-mini,598b52c2-d1a8-4285-bd50-5d9956e9c072,human,-0.329545,-6.593775,1.111005,44
gpt54mini,GPT-5.4-mini,d2adae25-1d36-44c1-906f-1c098afd2875,human,-1.488636,-8.588614,1.126529,44
gpt54mini,GPT-5.4-mini,1d0c7550-0608-4557-afc6-d9d0811cc70e,human,-1.636364,-13.309622,1.206192,44
gpt54mini,GPT-5.4-mini,1187cc8b-e142-4ea1-8ade-4e44448da827,human,-0.500000,-6.106584,1.098597,44
gpt54mini,GPT-5.4-mini,d76c0ede-6349-4d54-a168-1184e968b32a,human,-1.227273,-10.414642,1.162543,44
gpt54mini,GPT-5.4-mini,08c82c5c-803d-4318-934d-8533250d82a3,human,-0.863636,-8.460536,1.134947,44
gpt54mini,GPT-5.4-mini,7062cc8d-f713-4548-b4ed-6fdc14de84f6,human,-0.181818,-3.848507,1.064585,44
gpt54mini,GPT-5.4-mini,ae6f5d66-3b4b-4344-acd4-e095a58815e8,human,-0.545455,-7.288899,1.119401,44
gpt54mini,GPT-5.4-mini,7667a163-9d3b-4d72-9766-fafdf4751ecb,human,-0.727273,-9.617211,1.160048,44
gpt54mini,GPT-5.4-mini,005e23f5-33a8-4c7b-8ed6-b884a1cd0a84,human,-0.136364,-9.951909,1.175634,44
gpt54mini,GPT-5.4-mini,10d5bec9-ac08-492a-9b08-0b0331ea31fa,human,-0.897727,-8.514254,1.135350,44
gpt54mini,GPT-5.4-mini,9d55127b-8e34-4a59-a649-5c6e5b29931a,human,-0.977273,-8.241834,1.129830,44
gpt54mini,GPT-5.4-mini,65df610e-2d47-488f-94ab-9b529e36e777,human,-1.045455,-9.553402,1.150523,44
gpt54mini,GPT-5.4-mini,2fa57855-7902-4257-874f-3853edfa04e0,human,-0.738636,-9.403514,1.155869,44
gpt54mini,GPT-5.4-mini,16573f16-ca86-43d6-a192-6f3d386d3071,human,-0.761364,-9.341991,1.154416,44
gpt54mini,GPT-5.4-mini,4241abf8-a838-4f69-a7db-da80de906e50,human,-1.386364,-11.682776,1.181945,44
gpt54mini,GPT-5.4-mini,4f657002-adc8-4772-9ffb-0947fa54ddc2,human,-1.022727,-8.764616,1.137578,44
gpt54mini,GPT-5.4-mini,d159d82d-2254-4249-9bd2-17f8f54fa0cd,human,-1.227273,-6.982525,1.103360,44
gpt54mini,GPT-5.4-mini,c10794d6-1703-46e3-a2cd-b4aff6654f6e,human,-0.909091,-8.618332,1.136832,44
gpt54mini,GPT-5.4-mini,9671ade3-05b4-485c-b9fd-f7704c3827d2,human,-0.761364,-8.676354,1.141684,44
gpt54mini,GPT-5.4-mini,6c3ec7a0-705f-4ce1-aaf2-3ad1be9dee36,human,-0.965909,-8.318094,1.131236,44
gpt54mini,GPT-5.4-mini,4d02aeef-e084-4c12-b2a1-51b60ba64683,human,-1.136364,-7.432685,1.113031,44
gpt54mini,GPT-5.4-mini,814a45e4-dda9-4590-b3db-e9fb05650243,human,-1.000000,-8.719096,1.137173,44
gpt54mini,GPT-5.4-mini,b18e10d9-3033-4f42-a93c-a4d60b92bf98,human,-1.022727,-7.923595,1.123833,44
gpt54mini,GPT-5.4-mini,34307098-3fb7-4098-b57b-5afd35397be2,human,-0.079545,-5.149604,1.089736,44
gpt54mini,GPT-5.4-mini,44c31c28-a304-4b41-ad0a-02771b79aca6,llm,-1.397727,-10.102658,1.154442,44
gpt54mini,GPT-5.4-mini,a812d855-e9d8-429f-9f51-b880c1cfdae0,llm,-0.488636,-8.094169,1.135428,44
gpt54mini,GPT-5.4-mini,c51f6f54-6e76-4a8b-bf74-fd2d2fc6511d,llm,-0.477273,-5.962456,1.096501,44
gpt54mini,GPT-5.4-mini,6d59ea1d-f9e2-4744-9516-b41476b38c7c,llm,-0.977273,-8.673575,1.136768,44
gpt54mini,GPT-5.4-mini,e0c02b87-601b-4240-9044-0593c27c0492,llm,-1.113636,-9.098404,1.141780,44
gpt54mini,GPT-5.4-mini,870ee789-f294-4dd2-9b94-02d8786d60b6,llm,-0.931818,-8.967022,1.142216,44
gpt54mini,GPT-5.4-mini,75ff058f-63a4-4be1-944a-67dc887974b1,llm,-0.568182,-7.854209,1.129477,44
gpt54mini,GPT-5.4-mini,7b61a138-45d7-4050-8c80-3f1c217b26db,llm,-0.715909,-8.555969,1.140058,44
gpt54mini,GPT-5.4-mini,47bd0b94-d720-4cf5-b9c6-4b0d10dec92d,llm,-0.715909,-7.999943,1.128921,44
gpt54mini,GPT-5.4-mini,b1d78e9c-ac68-410f-9f16-972bab083f2a,llm,-1.261364,-8.130468,1.122613,44
gpt54mini,GPT-5.4-mini,48e4122b-a225-4229-a043-a11031ce3cea,llm,-0.727273,-8.435210,1.137530,44
gpt54mini,GPT-5.4-mini,646e30aa-0f62-4624-9b5d-b4834b432cdc,llm,0.204545,-5.092341,1.093939,44
gpt54mini,GPT-5.4-mini,dee799c9-9a82-4c0c-8ae3-0116fcd50b28,llm,-0.988636,-8.181580,1.128654,44
gpt54mini,GPT-5.4-mini,de7c14ff-d707-4ae1-9d8e-8419eb36a1fa,llm,-0.363636,-7.338245,1.123893,44
gpt54mini,GPT-5.4-mini,b1261191-e771-4281-be24-f0b0a87b1aec,llm,-0.965909,-8.239823,1.130050,44
